Employee #,full name,Status,Position,Immediate Supervisor,Basic Salary
10001,Garcia Manuel III,Regular,Chief Executive Officer,N/A,90000
10002,Lim Antonio,Regular,Chief Operating Officer,"Garcia, Manuel III",60000
10003,Aquino Bianca Sofia,Regular,Chief Finance Officer,"Garcia, Manuel III",60000
10004,Reyes Isabella,Regular,Chief Marketing Officer,"Garcia, Manuel III",60000
10005,Hernandez Eduard,Regular,IT Operations and Systems,"Lim, Antonio",52670
10006,Villanueva Andrea Mae,Regular,HR Manager,"Lim, Antonio",52670
10007,San Jose Brad ,Regular,HR Team Leader,"Villanueva, Andrea Mae",42975
10008,Romualdez Alice,Regular,HR Rank and File,"San, Jose Brad",22500
10009,Atienza Rosie ,Regular,HR Rank and File,"San, Jose Brad",22500
10010,Alvaro Roderick,Regular,Accounting Head,"Aquino, Bianca Sofia ",52670
10011,Salcedo Anthony,Regular,Payroll Manager,"Alvaro, Roderick",50825
10012,Lopez Josie ,Regular,Payroll Team Leader,"Salcedo, Anthony",38475
10013,Farala Martha,Regular,Payroll Rank and File,"Salcedo, Anthony",24000
10014,Martinez Leila,Regular,Payroll Rank and File,"Salcedo, Anthony",24000
10015,Romualdez Fredrick ,Regular,Account Manager,"Lim, Antonio",53500
10016,Mata Christian,Regular,Account Team Leader,"Romualdez, Fredrick ",42975
10017,De Leon Selena ,Regular,Account Team Leader,"Romualdez, Fredrick ",41850
10018,San Jose Allison ,Regular,Account Rank and File,"Mata, Christian",22500
10019,Rosario Cydney ,Regular,Account Rank and File,"Mata, Christian",22500
10020,Bautista Mark ,Regular,Account Rank and File,"Mata, Christian",23250
10021,Lazaro Darlene ,Probationary,Account Rank and File,"Mata, Christian",23250
10022,Delos Santos Kolby ,Probationary,Account Rank and File,"Mata, Christian",24000
10023,Santos Vella ,Probationary,Account Rank and File,"Mata, Christian",22500
10024,Del Rosario Tomas,Probationary,Account Rank and File,"Mata, Christian",22500
10025,Tolentino Jacklyn ,Probationary,Account Rank and File,"De Leon, Selena",24000
10026,Gutierrez Percival ,Probationary,Account Rank and File,"De Leon, Selena",24750
10027,Manalaysay Garfield ,Probationary,Account Rank and File,"De Leon, Selena",24750
10028,Villegas Lizeth ,Probationary,Account Rank and File,"De Leon, Selena",24000
10029,Ramos Carol ,Probationary,Account Rank and File,"De Leon, Selena",22500
10030,Maceda Emelia ,Probationary,Account Rank and File,"De Leon, Selena",22500
10031,Aguilar Delia ,Probationary,Account Rank and File,"De Leon, Selena",22500
10032,Castro John Rafael,Regular,Sales & Marketing,"Reyes, Isabella",52670
10033,Martinez Carlos Ian,Regular,Supply Chain and Logistics,"Reyes, Isabella",52670
10034,Santos Beatriz,Regular,Customer Service and Relations,"Reyes, Isabella",52670
